title,pfm,isBroadcast,isMovie,isRepeat,date,start,close
鷲崎健のヨルナイト×ヨルナイト,鷲崎健,True,True,False,20210628,00:00,00:30
A&G ARTIST ZONE樋口楓のTHE CATCH,樋口楓,False,True,True,20210628,06:00,07:00
白石晴香のぽかぽかたいむ,白石晴香,False,False,True,20210628,07:00,07:30
伊波杏樹のRadio Curtain Call,伊波杏樹,False,False,True,20210628,07:30,08:00
学園祭学園 青木佑磨のザ・ゴールデン・ゴールド・ゴー・ゴー,青木佑磨,False,True,True,20210628,08:00,09:00
Fate/Grand Order カルデア・ラジオ局Plus,大久保瑠美,False,True,True,20210628,09:00,10:00
超！A&G+ × ABEMAアニメ Special Radio Program,週替わり,False,False,True,20210628,10:00,10:30
駒田航 K-WAVE Radio,駒田航,False,False,True,20210628,10:30,11:00
斉藤壮馬 Strange dayS,斉藤壮馬,False,False,True,20210628,11:00,11:30
思春期が終わりません！！,浅沼晋太郎,False,False,True,20210628,11:30,12:00
鷲崎健のヨルナイト×ヨルナイト,鷲崎健,False,True,True,20210628,12:00,12:30
Pyxisの夜空の下 de Meeting,伊藤美来,False,True,True,20210628,12:30,12:40
鷲崎健のヨルナイト×ヨルナイト,鷲崎健,False,True,True,20210628,12:40,13:00
セブン－イレブン presents 江口拓也のラジオ道場,江口拓也,False,True,True,20210628,13:00,13:30
IdentityV荘園ラジオ,保住有哉,False,True,True,20210628,13:30,14:00
深町寿成・小松昌平 TWO for ONE,深町寿成,False,False,True,20210628,14:00,14:30
小野友樹と夕刻ロベルのへんならじお,小野友樹,False,True,True,20210628,14:30,15:00
村瀬くんと八代くん,村瀬歩,False,False,True,20210628,15:00,15:30
i☆Ristation!!,i☆Ris,False,True,True,20210628,15:30,16:00
内田雄馬 Heart Heat Hop,内田雄馬,False,True,True,20210628,16:00,16:30
石川界人のとまどいイルカ,石川界人,False,False,True,20210628,16:30,17:00
春野杏・依田菜津の「期待しないでください…。」,春野杏,False,False,True,20210628,17:00,17:30
声優グランプリ ザ・Radio,廣島順二（広島編集長）,False,True,True,20210628,17:30,18:00
A&G ARTIST ZONE 亜咲花のTHE CATCH,亜咲花,True,True,False,20210628,18:00,19:00
石原夏織のCarry up!?,石原夏織,False,True,True,20210628,19:00,19:30
井澤美香子・諏訪ななかのふわさた,井澤美香子,False,True,True,20210628,19:30,20:00
A&G NEXT ICON 超！CUE！&A,内山悠里菜,True,True,False,20210628,20:00,21:00
セブン－イレブン presents 内田真礼とおはなししません？,内田真礼,False,True,True,20210628,21:00,21:30
本渡楓と天津向の「本渡上陸作戦」,本渡楓,False,True,True,20210628,21:30,22:00
井口裕香のむ～～～ん ⊂( ＾ω＾)⊃,井口裕香,True,True,False,20210628,22:00,23:00
東山奈央のラジオ＠リビング,東山奈央,False,False,True,20210628,23:00,23:30
山崎はるかとまるぴ……近っっ！！,山崎はるか,True,True,False,20210628,23:30,00:00
title,pfm,isBroadcast,isMovie,isRepeat,date,start,close
A&G ARTIST ZONE 亜咲花のTHE CATCH,亜咲花,False,True,True,20210629,06:00,07:00
小原好美のココロおきなく,小原好美,False,False,True,20210629,07:00,07:30
井澤美香子・諏訪ななかのふわさた,井澤美香子,False,True,True,20210629,07:30,08:00
A&G NEXT ICON 超！CUE！&A,内山悠里菜,False,True,True,20210629,08:00,09:00
セブン－イレブン presents 内田真礼とおはなししません？,内田真礼,False,True,True,20210629,09:00,09:30
本渡楓と天津向の「本渡上陸作戦」,本渡楓,False,True,True,20210629,09:30,10:00
井口裕香のむ～～～ん ⊂( ＾ω＾)⊃,井口裕香,False,True,True,20210629,10:00,11:00
東山奈央のラジオ＠リビング,東山奈央,False,False,True,20210629,11:00,11:30
山崎はるかとまるぴ……近っっ！！,山崎はるか,False,True,True,20210629,11:30,12:00
鷲崎健のヨルナイト×ヨルナイト,鷲崎健,False,True,True,20210629,12:00,12:30
Pyxisの夜空の下 de Meeting,伊藤美来,False,True,True,20210629,12:30,12:40
title,pfm,isBroadcast,isMovie,isRepeat,date,start,close
A&G ARTIST ZONE ▽▲TRiNITY▲▽ のTHE CATCH,▽▲TRiNITY▲▽,False,True,True,20210630,06:00,07:00
早見沙織の ふり～すたいる♪,早見沙織,False,False,True,20210630,07:00,07:30
石原夏織のCarry up!?,石原夏織,False,True,True,20210630,07:30,08:00
A&G NEXT ICON 超！CUE！&A,安齋由香里,False,True,True,20210630,08:00,09:00
島袋美由利の無為自然のはずだったのに・・・,島袋美由利,False,False,True,20210630,09:00,09:30
上田麗奈のひみつばこ,上田麗奈,False,False,True,20210630,09:30,10:00
RADIO4Gamer TAP（仮）,岡本信彦,False,True,True,20210630,10:00,11:00
ひだかくま,日高里菜,False,True,True,20210630,11:00,11:30
セブン-イレブンpresents 佐倉としたい大西,佐倉綾音,False,True,True,20210630,11:30,12:00
鷲崎健のヨルナイト×ヨルナイト,鷲崎健,False,True,True,20210630,12:00,12:30
Pyxisの夜空の下 de Meeting,伊藤美来,False,True,True,20210630,12:30,12:40
title,pfm,isBroadcast,isMovie,isRepeat,date,start,close
A&G ARTIST ZONE 煌めき☆アンフォレントのTHE CATCH,煌めき☆アンフォレント,False,True,True,20210701,06:00,07:00
逢田梨香子のRARARAdio,逢田梨香子,False,True,True,20210701,07:00,07:30
鬼頭明里のsmiley pop,鬼頭明里,False,False,True,20210701,07:30,08:00
A&G NEXT ICON 超！CUE！&A,宮原颯希,False,True,True,20210701,08:00,09:00
夕実＆梨沙のラフストーリーは突然に,内山夕実,False,False,True,20210701,09:00,09:30
ふたラジ!!,月替り,False,False,True,20210701,09:30,10:00
文化放送モバイルplus presents バトスピ大好き声優の生放送！,杉田智和,False,False,True,20210701,10:00,11:00
超!A&G＋マンスリースペシャル,月替り,False,False,True,20210701,11:00,11:30
斉藤壮馬・石川界人のダメじゃないラジオ,斉藤壮馬,False,False,True,20210701,11:30,12:00
鷲崎健のヨルナイト×ヨルナイト,鷲崎健,False,True,True,20210701,12:00,12:30
Pyxisの夜空の下 de Meeting,伊藤美来,False,True,True,20210701,12:30,12:40
title,pfm,isBroadcast,isMovie,isRepeat,date,start,close
鷲崎健のヨルナイト×ヨルナイト,鷲崎健,True,True,False,20210702,00:00,00:30
石見舞菜香・ファイルーズあいの凸凹Saturday Night☆～マジ東風イェア～,石見舞菜香,False,True,True,20210702,00:30,01:00
河瀬茉希と赤尾ひかるの今夜もイチヤヅケ！,河瀬茉希,False,False,True,20210702,01:00,01:30
Lynnのおしゃべりんらじお,Lynn,False,True,True,20210702,01:30,02:00
三澤紗千香のラジオを聴くじゃんね！,三澤紗千香,False,False,True,20210702,02:00,02:30
佐藤亜美菜のアミメン！,佐藤亜美菜,False,True,True,20210702,02:30,03:00
裏方,松原秀,False,False,True,20210702,03:00,03:30
A&G ARTIST ZONE伊東歌詞太郎 のTHE CATCH,伊東歌詞太郎,False,True,True,20210702,06:00,07:00
サンドリ on the Radio,サンドリオン,False,True,True,20210702,07:00,07:30
丹下桜のRadio・A・La・Mode,丹下桜,False,False,True,20210702,07:30,08:00
A&G NEXT ICON 超！CUE！&A,土屋李央,False,True,True,20210702,08:00,09:00
榊原優希・住谷哲栄のDragon's Bite ～ラジオノ宴～,榊原優希,False,False,True,20210702,09:00,09:30
TRDのDope Rad Talking,近藤孝行,False,False,True,20210702,09:30,10:00
豊崎愛生のおかえりらじお,豊崎愛生,False,True,True,20210702,10:00,11:00
花澤香菜のひとりでできるかな？,花澤香菜,False,False,True,20210702,11:00,11:30
竹達・沼倉の初ラジ！,竹達彩奈,False,False,True,20210702,11:30,12:00
千葉翔也のトゥー・ビー・ナイト,千葉翔也,False,True,True,20210702,12:00,13:00
河瀬茉希と赤尾ひかるの今夜もイチヤヅケ！,河瀬茉希,False,False,True,20210702,13:00,13:30
Lynnのおしゃべりんらじお,Lynn,False,True,True,20210702,13:30,14:00
三澤紗千香のラジオを聴くじゃんね！,三澤紗千香,False,False,True,20210702,14:00,14:30
佐藤亜美菜のアミメン！,佐藤亜美菜,False,True,True,20210702,14:30,15:00
中島由貴・岡咲美保 あうとスタンド！！,中島由貴,False,True,True,20210702,15:00,15:30
声優グランプリ ザ・Radio,廣島順二（広島編集長）,False,True,True,20210702,15:30,16:00
丹下桜のRadio・A・La・Mode,丹下桜,False,False,True,20210702,16:00,16:30
宮本侑芽のぽじ×ぽじ,宮本侑芽,False,True,True,20210702,16:30,17:00
稲垣好の声ラブ,稲垣好,False,False,True,20210702,17:00,17:30
渕上舞のとりあえずまぁ、話だけでも。,渕上舞,False,True,True,20210702,17:30,18:00
A&G ARTIST ZONE ▽▲TRiNITY▲▽ のTHE CATCH,▽▲TRiNITY▲▽,True,True,False,20210702,18:00,19:00
サクガン ラジオラビリンス,東地宏樹,False,False,True,20210702,19:00,19:30
超！A&G+マンスリースペシャル,月替り,False,False,True,20210702,19:30,20:00
A&G NEXT ICON 超！CUE！&A,安齋由香里,True,True,False,20210702,20:00,21:00
島袋美由利の無為自然のはずだったのに・・・,島袋美由利,False,False,True,20210702,21:00,21:30
上田麗奈のひみつばこ,上田麗奈,False,False,True,20210702,21:30,22:00
RADIO4Gamer TAP（仮）,岡本信彦,True,True,False,20210702,22:00,23:00
ひだかくま,日高里菜,False,True,True,20210702,23:00,23:30
セブン-イレブンpresents 佐倉としたい大西,佐倉綾音,False,True,True,20210702,23:30,00:00
title,pfm,isBroadcast,isMovie,isRepeat,date,start,close
鷲崎健のヨルナイト×ヨルナイト,鷲崎健,True,True,False,20210703,00:00,00:30
石川界人のとまどいイルカ,石川界人,False,False,True,20210703,00:30,01:00
洲崎西,洲崎綾,False,False,True,20210703,01:00,01:30
安野希世乃のきよなび！,安野希世乃,False,False,True,20210703,01:30,02:00
高垣彩陽のあしたも晴レルヤ,高垣彩陽,False,False,True,20210703,02:00,02:30
伊福部崇のラジオのラジオ,伊福部崇,False,False,True,20210703,02:30,03:00
MAN TWO MONTH RADIO,なし,False,False,True,20210703,03:00,03:30
超！A&G+ スペシャル,なし,False,False,True,20210703,06:00,07:00
ワシザキスタイル＊ヨシオカモード,鷲崎健,False,False,True,20210703,07:00,07:30
三澤紗千香のラジオを聴くじゃんね！,三澤紗千香,False,False,True,20210703,07:30,08:00
あさステ！,週替わり,False,True,True,20210703,08:00,09:00
佐藤亜美菜のアミメン！,佐藤亜美菜,False,True,True,20210703,09:00,09:30
中島由貴・岡咲美保 あうとスタンド！！,中島由貴,False,True,True,20210703,09:30,10:00
瀬戸麻沙美 Now Roading,瀬戸麻沙美,False,False,True,20210703,10:00,10:30
早見沙織の ふり～すたいる♪,早見沙織,False,False,True,20210703,10:30,11:00
小原好美のココロおきなく,小原好美,False,False,True,20210703,11:00,11:30
白石晴香のぽかぽかたいむ,白石晴香,False,False,True,20210703,11:30,12:00
丹下桜のRadio・A・La・Mode,丹下桜,False,False,True,20210703,12:00,12:30
セブン-イレブンpresents 佐倉としたい大西,佐倉綾音,False,True,True,20210703,12:30,13:00
洲崎西,洲崎綾,False,False,True,20210703,13:00,13:30
安野希世乃のきよなび！,安野希世乃,False,False,True,20210703,13:30,14:00
高垣彩陽のあしたも晴レルヤ,高垣彩陽,False,False,True,20210703,14:00,14:30
伊福部崇のラジオのラジオ,伊福部崇,False,False,True,20210703,14:30,15:00
学園祭学園プレゼンツ 喋れ！学園祭,学園祭学園,False,True,True,20210703,15:00,15:30
渕上舞のとりあえずまぁ、話だけでも。,渕上舞,False,True,True,20210703,15:30,16:00
諏訪道彦のスワラジ,諏訪道彦,False,False,True,20210703,16:00,16:30
近藤雄介と菊地燎のdreamDANG!!,近藤雄介,False,True,True,20210703,16:30,17:00
並木さくらの声ラブ,並木さくら,False,False,True,20210703,17:00,17:30
ノン子とのび太の アニメスクランブル,日髙のり子,False,False,True,20210703,17:30,18:00
A&G ARTIST ZONE 煌めき☆アンフォレントのTHE CATCH,煌めき☆アンフォレント,True,True,False,20210703,18:00,19:00
サンドリ on the Radio,サンドリオン,False,True,True,20210703,19:00,19:30
鬼頭明里のsmiley pop,鬼頭明里,False,False,True,20210703,19:30,20:00
A&G NEXT ICON 超！CUE！&A,宮原颯希,True,True,False,20210703,20:00,21:00
夕実＆梨沙のラフストーリーは突然に,内山夕実,False,False,True,20210703,21:00,21:30
ふたラジ!!,月替り,False,False,True,20210703,21:30,22:00
文化放送モバイルplus presents バトスピ大好き声優の生放送！,杉田智和,False,False,True,20210703,22:00,23:00
超！A&G+マンスリースペシャル,月替り,False,False,True,20210703,23:00,23:30
斉藤壮馬・石川界人のダメじゃないラジオ,斉藤壮馬,False,False,True,20210703,23:30,00:00
title,pfm,isBroadcast,isMovie,isRepeat,date,start,close
鷲崎健のヨルナイト×ヨルナイト,鷲崎健,True,True,False,20210704,00:00,00:30
超！A&G+ スペシャル,なし,False,False,True,20210704,06:00,07:00
22/7（ナナブンノニジュウニ）割り切れないラジオ+,22/7（ナナブンノニジュウニ）,False,True,True,20210704,07:00,07:30
高垣彩陽のあしたも晴レルヤ,高垣彩陽,False,False,True,20210704,07:30,08:00
田中美海のかもん！みなはうす,田中美海,False,False,True,20210704,08:00,08:30
石見舞菜香・ファイルーズあいの凸凹Saturday Night☆～マジ東風イェア～,石見舞菜香,False,True,True,20210704,08:30,09:00
花澤香菜のひとりでできるかな？,花澤香菜,False,False,True,20210704,09:00,09:30
上田麗奈のひみつばこ,上田麗奈,False,False,True,20210704,09:30,10:00
Lynnのおしゃべりんらじお,Lynn,False,True,True,20210704,10:00,10:30
はーい！鈴代です！ 今行きまーす！,鈴代紗弓,False,True,True,20210704,10:30,11:00
逢田梨香子のRARARAdio,逢田梨香子,False,True,True,20210704,11:00,11:30
和田昌之と赤羽根健治のWADAX Radio,和田昌之,False,False,True,20210704,11:30,12:00
ひだかくま,日高里菜,False,True,True,20210704,12:00,12:30
森久保祥太郎 presents IRONBUNNY'S ROCK ROCKER ROCKEST,森久保祥太郎,False,False,True,20210704,12:30,13:00
千葉翔也・野上翔の翔福翔来！！,千葉翔也,False,False,True,20210704,13:00,13:30
真夜中エンカウント,深町寿成,False,False,True,20210704,13:30,14:00
土岐隼一 ラジオ “Time with You”,土岐隼一,False,False,True,20210704,14:00,14:30
雲水の今晩どうしましょう!?,小野賢章,False,False,True,20210704,14:30,15:00
石川界人のとまどいイルカ,石川界人,False,False,True,20210704,15:00,15:30
ノン子とのび太の アニメスクランブル,日髙のり子,False,False,True,20210704,15:30,16:00
アクターズゲート,A&Gアカデミー卒業生,False,True,True,20210704,16:00,16:30
らじぽっ,なし,False,True,True,20210704,16:30,17:00
春花らんの声ラブ,春花らん,False,False,True,20210704,17:00,17:30
ラジオアニメージュ,久保田未夢（i☆Ris）,False,True,True,20210704,17:30,18:00
A&G ARTIST ZONE伊東歌詞太郎 のTHE CATCH,伊東歌詞太郎,True,True,False,20210704,18:00,19:00
種﨑敦美の寿司食いてェ！,種﨑敦美,False,False,True,20210704,19:00,19:30
伊波杏樹のRadio Curtain Call,伊波杏樹,False,False,True,20210704,19:30,20:00
A&G NEXT ICON 超！CUE！&A,土屋李央,True,True,False,20210704,20:00,21:00
榊原優希・住谷哲栄のDragon's Bite ～ラジオノ宴～,榊原優希,False,False,True,20210704,21:00,21:30
TRDのDope Rad Talking,近藤孝行,False,False,True,20210704,21:30,22:00
豊崎愛生のおかえりらじお,豊崎愛生,True,True,False,20210704,22:00,23:00
花澤香菜のひとりでできるかな？,花澤香菜,False,False,True,20210704,23:00,23:30
竹達・沼倉の初ラジ！,竹達彩奈,False,False,True,20210704,23:30,00:00
